{
  "learning_rate": 0.0008259258083624355,
  "batch_size": 128,
  "n_steps": 4096,
  "gamma": 0.920044041005851,
  "gae_lambda": 0.8353142387361375,
  "ent_coef": 0.000284032931188595,
  "clip_range": 0.3794113637710751
}