{
    "market_insights": {
        "timestamp": 1744417413.033107,
        "symbols": {
            "BTC/USD": {
                "price_trends": {
                    "kraken": {
                        "current_price": 83301.0,
                        "price_change_24h": 3.6181325823493093
                    },
                    "coinbase": {
                        "current_price": 83272.36,
                        "price_change_24h": 3.570963937629834
                    }
                },
                "volume_analysis": {
                    "kraken": {
                        "total_volume": 3037.83078299,
                        "avg_volume": 126.57628262458333
                    },
                    "coinbase": {
                        "total_volume": 9720.761280769999,
                        "avg_volume": 405.0317200320833
                    }
                },
                "volatility": {
                    "kraken": 0.007018375646101679,
                    "coinbase": 0.007087134139153309
                },
                "arbitrage_opportunities": []
            },
            "ETH/USD": {
                "price_trends": {
                    "kraken": {
                        "current_price": 1564.01,
                        "price_change_24h": 1.4128982894787923
                    },
                    "coinbase": {
                        "current_price": 1563.79,
                        "price_change_24h": 1.3979756586242065
                    }
                },
                "volume_analysis": {
                    "kraken": {
                        "total_volume": 25586.069484199998,
                        "avg_volume": 1066.0862285083333
                    },
                    "coinbase": {
                        "total_volume": 137671.16446999,
                        "avg_volume": 5736.298519582917
                    }
                },
                "volatility": {
                    "kraken": 0.0064000662725123576,
                    "coinbase": 0.006176725117045277
                },
                "arbitrage_opportunities": []
            },
            "BNB/USD": {
                "price_trends": {},
                "volume_analysis": {},
                "volatility": {},
                "arbitrage_opportunities": []
            }
        },
        "global_sentiment": "Neutral",
        "risk_indicators": {
            "market_volatility": 0.006670575293703155,
            "correlation_risk": 1.0,
            "liquidity_risk": -0.24296437326183873
        }
    },
    "BTC-USD": {
        "timestamp": 1744417422.808308,
        "duration": 3.1128077507019043,
        "symbol": "BTC-USD",
        "initial_capital": 100000,
        "market_data": 