{
    "learning_rate": 2.1331824736836533e-05,
    "batch_size": 128,
    "gamma": 0.9968760332132616,
    "n_steps": 8192,
    "ent_coef": 0.001784246243470624,
    "clip_range": 0.2758871995843316
}