{
    "learning_rate": 0.005127010699507988,
    "batch_size": 32,
    "gamma": 0.9985350591149227,
    "n_steps": 2048,
    "ent_coef": 0.0028016004977782084,
    "clip_range": 0.2368782604582669
}