{
    "learning_rate": 3.959329646452731e-05,
    "batch_size": 64,
    "gamma": 0.9150525150662614,
    "n_steps": 4096,
    "ent_coef": 0.05119252771997928,
    "clip_range": 0.39762003585647615
}